Machine ID,Timestamp,Temperature,Pressure,Vibration,Energy Consumption,Failure
170,5/14/2023 10:48,46,33,7.4,45.98,0
431,11/3/2022 10:48,95,64,4.39,31.7,0
881,11/11/2021 10:48,82,89,8.45,142.69,0
886,7/29/2024 10:48,42,61,8.88,18.14,0
752,10/6/2022 10:48,25,54,5.69,104.08,0
322,12/24/2021 10:48,91,67,3.11,76.3,0
934,8/25/2024 10:48,31,77,3.61,128.3,0
168,7/25/2021 10:48,52,83,0.9,107.66,1
302,10/5/2024 10:48,60,76,9.66,105.14,0
133,11/28/2021 10:48,23,46,1.6,40.08,0
849,4/24/2023 10:48,82,37,8.69,11.35,0
1021,9/4/2021 10:48,75,58,7.89,14.23,0
906,12/25/2021 10:48,38,29,10.39,186.61,0
669,6/1/2024 10:48,84,69,7.39,91.23,0
753,7/9/2023 10:48,91,50,0.04,6.98,0
332,12/27/2022 10:48,74,68,6.54,71.47,0
493,1/30/2022 10:48,27,99,7.45,167.17,1
860,8/29/2023 10:48,32,61,4.1,53.74,0
1029,6/25/2022 10:48,40,41,0.57,129.82,0
1096,4/22/2023 10:48,95,68,6.44,16.26,0
604,7/10/2024 10:48,79,81,4.59,37.13,1
264,11/4/2021 10:48,29,51,6.17,49.12,0
850,10/5/2022 10:48,30,33,4.22,165.01,0
484,2/11/2022 10:48,56,60,8.05,144.07,0
454,3/15/2024 10:48,58,75,2.66,70.94,0
83,10/13/2021 10:48,72,47,10.93,54.11,0
198,10/30/2021 10:48,99,28,2.84,152.92,0
673,6/23/2022 10:48,51,84,2.32,28.92,0
905,1/22/2024 10:48,75,60,1.76,141.22,0
451,11/11/2023 10:48,64,34,0.14,176.78,0
1081,9/30/2022 10:48,98,100,4.11,175.2,0
707,2/15/2022 10:48,83,73,1,74.14,0
300,12/6/2023 10:48,25,81,10.43,72.21,0
248,8/23/2023 10:48,51,67,5.97,13.06,0
378,3/14/2023 10:48,101,46,10.04,5.86,0
677,5/30/2023 10:48,43,85,5.45,27.98,0
699,6/20/2024 10:48,76,85,9.55,101.05,0
1064,5/12/2023 10:48,58,57,9.2,3.64,0
185,12/19/2023 10:48,57,85,3.91,199.12,0
470,7/17/2021 10:48,68,53,9.99,95.62,1
120,5/8/2024 10:48,34,97,4.94,171.93,0
113,9/22/2023 10:48,74,85,0.37,148.02,0
944,7/22/2024 10:48,79,48,8.99,182.42,0
135,3/22/2024 10:48,54,81,8.02,163.88,0
881,11/5/2021 10:48,55,72,2.23,167.6,0
152,12/25/2023 10:48,100,67,5.4,52.44,0
1008,11/20/2022 10:48,60,61,9.58,23.95,0
336,1/16/2024 10:48,76,44,1.75,19.21,0
92,5/2/2024 10:48,87,71,2.25,84.84,0
763,8/5/2022 10:48,87,41,6.67,15.43,0
800,10/9/2024 10:48,41,49,6.26,26.04,0
709,12/31/2022 10:48,35,92,0.78,109.67,0
985,10/3/2023 10:48,59,81,2.03,64.25,0
226,8/11/2022 10:48,30,71,10.02,93.29,0
999,10/22/2022 10:48,86,65,2.04,52.36,0
328,11/21/2022 10:48,81,39,2.63,118.78,0
691,8/22/2022 10:48,28,49,8.99,36.61,0
735,8/30/2021 10:48,64,29,3.82,138.85,0
149,8/14/2022 10:48,39,74,7.58,101.43,0
615,8/14/2021 10:48,89,93,0.37,180.04,0
814,2/29/2024 10:48,96,35,9.6,104.42,0
80,2/8/2022 10:48,40,57,3.28,164.73,0
118,7/5/2023 10:48,73,48,7.75,32,0
744,9/2/2024 10:48,77,76,10.57,185.17,0
923,1/8/2023 10:48,22,90,2.03,137.61,0
232,6/1/2023 10:48,49,61,2.45,136.51,0
891,4/21/2023 10:48,59,38,4.41,29.75,1
452,3/17/2022 10:48,98,44,9.32,142.92,0
96,4/10/2024 10:48,87,45,9.38,44.76,0
433,12/3/2021 10:48,78,100,7.1,58.97,0
275,10/8/2023 10:48,24,93,1.53,124.59,0
223,7/11/2021 10:48,54,56,4.48,167.98,0
559,8/28/2023 10:48,76,103,2,41.59,0
189,3/27/2024 10:48,34,66,2.02,142.01,0
78,4/29/2024 10:48,30,88,5.63,80.32,0
730,11/25/2022 10:48,83,71,7.05,50.78,0
990,12/7/2023 10:48,67,52,9.32,40.56,0
562,5/16/2024 10:48,29,28,8.5,197.83,0
178,9/23/2022 10:48,35,76,3.82,71.02,0
25,2/21/2024 10:48,35,80,10.38,6.25,0
50,4/26/2024 10:48,46,36,0.83,132.6,0
67,11/12/2023 10:48,97,100,10.9,193.9,0
815,8/20/2024 10:48,59,52,3.43,196.82,0
118,9/9/2022 10:48,20,80,8.86,146.63,0
666,10/8/2022 10:48,44,89,1.71,35.74,0
776,7/21/2021 10:48,42,55,4.15,132.57,0
964,12/6/2021 10:48,62,84,8.16,73.15,0
336,9/6/2021 10:48,75,75,2.53,162.12,0
997,2/6/2024 10:48,103,27,9.92,190.96,0
478,12/26/2023 10:48,78,66,5.18,183.94,0
868,4/14/2024 10:48,38,89,9.65,94.2,0
756,4/22/2022 10:48,79,36,6.64,90.76,0
903,9/18/2024 10:48,94,51,10.77,139.58,0
1077,11/27/2022 10:48,50,103,4.07,106.85,0
730,10/12/2022 10:48,85,58,1.09,178.57,0
248,12/21/2022 10:48,95,45,2.35,29.4,0
590,10/1/2022 10:48,68,75,2.9,29.45,0
482,7/6/2023 10:48,88,74,9.32,35.02,0
186,1/18/2023 10:48,96,41,2.49,108.48,0
126,5/31/2022 10:48,52,56,3.01,14.87,0
613,2/6/2023 10:48,63,46,9.24,158.23,0
277,8/18/2024 10:48,56,49,2.31,64.98,0
461,2/12/2024 10:48,68,35,9.71,70.34,0
689,10/12/2021 10:48,97,75,1.19,93.33,0
1038,11/9/2023 10:48,59,46,3.7,161.55,0
554,9/7/2023 10:48,51,96,8.79,61.93,0
967,8/4/2022 10:48,96,54,2.24,72.63,0
668,4/5/2022 10:48,25,52,4.97,74.22,0
275,1/31/2022 10:48,83,51,2.01,47.71,0
133,8/2/2021 10:48,60,95,0.87,120.69,0
509,12/27/2022 10:48,88,61,2.86,196.47,0
883,11/8/2021 10:48,36,61,7.52,4.59,0
812,6/16/2023 10:48,61,30,0.97,95.91,0
833,3/10/2023 10:48,70,42,1.75,153.87,0
1082,4/3/2023 10:48,83,52,1.13,107.19,0
523,11/27/2023 10:48,63,94,3.91,122.84,0
581,6/18/2023 10:48,68,84,5.43,67.27,1
404,6/29/2022 10:48,68,36,4,124.41,0
839,5/18/2024 10:48,35,44,10.11,179.67,0
287,1/17/2024 10:48,83,52,3.86,89.22,1
584,10/24/2023 10:48,24,60,10.33,74.16,0
433,1/12/2022 10:48,67,68,7.98,14,0
869,1/21/2022 10:48,92,68,4.59,61.99,0
613,5/6/2024 10:48,42,75,8.34,160.74,0
129,4/1/2023 10:48,61,72,8.43,69.19,0
608,10/18/2021 10:48,45,66,6.33,195.12,0
331,5/18/2023 10:48,63,84,2.19,109.88,0
476,8/18/2022 10:48,77,59,0.65,77.95,0
97,10/22/2023 10:48,77,62,4.97,102.21,0
836,1/18/2022 10:48,92,76,0.13,56.16,0
991,10/15/2022 10:48,54,32,1.59,121.44,1
571,7/23/2021 10:48,38,62,8.13,197.36,0
595,7/23/2024 10:48,61,97,2.49,190.42,0
289,9/18/2023 10:48,18,70,10.24,163.05,0
152,9/1/2021 10:48,19,44,10.52,105.7,0
1081,5/15/2024 10:48,44,98,4.53,162.86,0
774,6/7/2022 10:48,65,60,2.43,61.11,0
542,8/1/2021 10:48,77,98,9.43,15.61,0
529,4/30/2022 10:48,26,96,8.87,57.72,0
1097,5/15/2023 10:48,44,83,6.79,68.89,0
701,12/17/2023 10:48,80,55,4.87,189.11,0
70,3/11/2024 10:48,30,54,1.6,198.45,0
152,6/20/2023 10:48,59,66,10.49,29.99,0
372,6/11/2024 10:48,34,57,1.68,85.22,0
58,7/17/2023 10:48,38,70,1.03,102,0
315,1/28/2024 10:48,93,47,5.06,56.39,0
543,4/23/2024 10:48,30,76,7.02,189.88,0
702,6/24/2023 10:48,32,36,10.47,78.72,0
40,10/9/2022 10:48,72,90,8.23,141.84,0
752,3/3/2024 10:48,98,48,0.43,119.02,1
563,6/18/2022 10:48,41,59,1.38,130.19,0
327,5/25/2022 10:48,42,92,0.18,57,0
267,3/6/2024 10:48,33,47,7.07,90.35,0
625,5/28/2023 10:48,41,53,3.64,82.13,0
139,6/17/2022 10:48,75,51,7.5,79.87,0
957,6/27/2024 10:48,41,48,8.62,75.73,0
585,9/12/2024 10:48,38,40,4.82,72.04,0
608,8/6/2021 10:48,68,84,7.02,137.37,0
201,10/22/2022 10:48,36,45,6.02,58.15,0
619,3/24/2022 10:48,31,67,6.79,166.2,0
69,5/16/2022 10:48,71,38,6.02,137.79,0
938,1/20/2024 10:48,62,97,1.03,82.97,0
97,12/16/2021 10:48,34,42,0.45,124.66,0
384,9/18/2023 10:48,18,46,0.89,53.38,0
1047,4/21/2024 10:48,96,30,9.99,116.73,0
1001,4/27/2023 10:48,21,95,9.22,29.15,0
610,10/25/2021 10:48,70,96,2.88,127.68,0
192,1/30/2022 10:48,36,84,2.48,144.14,0
166,4/21/2024 10:48,61,66,10.71,141.39,0
542,11/3/2023 10:48,42,52,8.8,71.83,0
72,8/19/2023 10:48,68,56,0.5,193.32,0
907,3/20/2023 10:48,64,54,4.51,165.35,0
293,5/5/2024 10:48,78,65,7.76,138.62,0
580,7/25/2022 10:48,87,52,3.78,200.8,0
582,5/29/2022 10:48,63,53,6.25,127.91,1
36,7/16/2022 10:48,42,76,1.78,68.56,0
149,5/11/2023 10:48,61,94,0.43,165.76,0
899,8/11/2021 10:48,62,99,10.39,14.56,0
400,7/16/2021 10:48,81,81,0.04,103.09,0
716,11/3/2022 10:48,55,65,2.45,104.59,0
960,1/5/2022 10:48,78,64,1.61,124.69,0
783,6/19/2023 10:48,61,42,10.06,130.6,0
536,1/16/2023 10:48,95,54,6.54,159.76,0
913,7/31/2023 10:48,25,54,3.47,117.46,0
809,4/29/2023 10:48,72,87,10.79,91.73,0
2,1/11/2022 10:48,26,40,4.47,138.14,0
506,8/8/2022 10:48,41,35,2.28,83.09,0
172,11/29/2021 10:48,65,61,1.96,170.23,0
1047,5/8/2022 10:48,43,57,8.88,145.26,0
1082,9/15/2022 10:48,46,91,8.62,101.93,0
705,2/4/2024 10:48,53,84,1.42,38.91,0
853,7/12/2024 10:48,98,97,2.02,192.07,0
1059,10/20/2021 10:48,36,102,3.64,5.23,0
891,3/17/2024 10:48,29,33,6.83,65.86,0
142,9/2/2024 10:48,51,83,5.11,142.76,0
451,1/19/2022 10:48,90,85,1.45,14.12,0
998,12/18/2022 10:48,81,54,0.17,99.44,0
111,10/8/2024 10:48,70,59,0.53,83.64,0
1007,12/22/2023 10:48,95,37,5.61,167.18,0
277,2/17/2024 10:48,87,51,2.4,146.37,0
435,2/8/2022 10:48,64,52,8.28,101.77,0
1004,8/22/2023 10:48,41,75,1.13,102.76,0
916,4/19/2022 10:48,58,37,6.84,185.54,0
948,11/21/2023 10:48,41,74,1.01,154.32,0
13,1/12/2024 10:48,100,94,3.66,27.34,1
246,8/25/2024 10:48,61,42,5.81,45.44,0
231,12/19/2021 10:48,84,89,7.09,82.38,0
799,2/5/2022 10:48,84,66,3.56,139.29,0
503,12/22/2022 10:48,22,100,6.94,21.8,0
93,7/11/2022 10:48,65,80,8.86,150.65,0
878,7/29/2022 10:48,49,74,0.35,13.72,0
570,9/9/2024 10:48,73,99,8.78,154.46,0
359,7/11/2023 10:48,84,79,9.53,141.66,0
349,2/1/2024 10:48,43,71,4.94,62.68,0
199,10/23/2023 10:48,43,65,0.57,28.65,0
913,10/5/2024 10:48,47,81,2.68,182.12,0
908,4/14/2024 10:48,72,33,3.78,169.79,0
1029,9/23/2022 10:48,95,95,5.32,140,0
337,5/13/2023 10:48,74,34,8.37,121.32,0
9,8/16/2024 10:48,55,80,3.84,42.1,0
927,4/29/2022 10:48,47,82,9.56,125.83,0
230,10/31/2023 10:48,30,72,1.42,104.98,0
30,1/29/2023 10:48,50,58,10,148.82,0
81,6/1/2022 10:48,75,63,1.33,110.52,0
307,5/16/2024 10:48,51,91,2.83,59.07,0
327,9/14/2021 10:48,38,36,9.72,194.47,0
862,7/10/2023 10:48,73,38,0.44,105.53,0
728,4/21/2023 10:48,38,65,3.61,124.56,0
448,10/15/2024 10:48,84,56,6.94,107.77,0
304,9/19/2024 10:48,36,69,10.88,85.18,0
201,12/18/2022 10:48,22,63,0.56,174.39,0
288,1/14/2024 10:48,63,62,8.52,90.61,0
262,6/10/2023 10:48,31,59,10.4,111.37,0
596,4/14/2023 10:48,37,40,4.09,87.95,0
676,1/17/2024 10:48,55,84,10.07,157.06,0
440,11/13/2022 10:48,96,57,4.53,184.47,0
711,6/5/2024 10:48,64,34,3.02,168.5,0
795,7/11/2022 10:48,32,52,0.06,24.49,0
289,8/2/2022 10:48,22,60,7.2,61.75,0
771,11/23/2023 10:48,22,41,2.79,178.37,0
684,3/16/2024 10:48,63,83,3.18,7.09,0
354,6/6/2023 10:48,35,58,9.33,155.89,0
1018,9/5/2021 10:48,24,65,3.99,198.19,0
386,12/26/2021 10:48,79,25,5.29,152.59,0
545,4/11/2024 10:48,48,45,5.43,1.15,0
553,3/29/2023 10:48,29,51,2.91,45.01,0
1034,3/23/2023 10:48,63,82,6.59,122.69,0
441,1/13/2023 10:48,80,50,1.45,145.71,0
841,10/13/2022 10:48,69,72,1.09,8.16,0
869,6/12/2024 10:48,97,48,7.99,113.44,0
875,9/26/2021 10:48,31,68,7.26,123.62,0
1071,8/14/2023 10:48,46,47,2.13,76.89,1
338,9/9/2023 10:48,59,84,9.99,3.77,0
624,8/27/2022 10:48,67,33,0.24,153.66,0
966,2/13/2022 10:48,89,68,3.23,166.35,0
739,2/4/2023 10:48,58,79,3.95,119.61,0
215,6/30/2022 10:48,42,51,3.41,181.89,0
873,11/4/2022 10:48,76,94,8.97,104.25,0
636,3/19/2023 10:48,45,49,4.37,14.4,0
365,4/11/2024 10:48,46,92,5.41,108.7,0
825,8/27/2023 10:48,37,55,6.74,95.76,0
516,10/4/2022 10:48,91,36,3.37,74.22,0
627,8/10/2022 10:48,89,82,9.12,40.08,0
69,6/19/2024 10:48,80,37,6.16,25.37,0
134,1/4/2022 10:48,49,101,2.37,26.09,0
195,12/21/2023 10:48,72,53,9.46,62.36,0
692,7/11/2024 10:48,44,42,6.07,13.33,0
681,12/14/2021 10:48,96,30,1.76,196.3,0
554,7/21/2024 10:48,32,102,1.63,50.34,0
553,1/9/2024 10:48,80,62,0.7,75.82,0
326,6/7/2023 10:48,64,65,5.06,31.97,0
142,12/22/2022 10:48,82,73,1.47,54.4,0
339,7/4/2022 10:48,99,79,0.92,134.1,0
354,8/19/2021 10:48,88,80,6.66,100.07,0
977,6/6/2023 10:48,22,29,10.37,13.22,0
142,2/26/2024 10:48,18,71,10.48,93.06,0
219,9/17/2024 10:48,38,47,2.76,49.67,0
730,8/3/2024 10:48,80,46,7.67,63.2,0
804,3/30/2024 10:48,40,52,1.88,8.21,0
928,2/8/2023 10:48,83,52,6.32,156.16,0
757,12/29/2021 10:48,63,33,8.25,187.61,0
95,1/31/2022 10:48,90,84,8.84,160.08,0
834,6/2/2022 10:48,64,94,5.19,26.5,0
437,2/24/2023 10:48,22,55,2.78,64.8,0
1015,12/26/2021 10:48,64,71,0.07,156.67,0
747,7/30/2021 10:48,60,97,9.85,54.7,0
241,5/18/2024 10:48,59,94,3.98,77.97,0
242,8/27/2024 10:48,71,48,10.21,160.18,1
179,7/12/2021 10:48,26,68,3.02,153.25,0
542,1/5/2022 10:48,69,80,8.56,98.38,0
592,5/2/2022 10:48,40,77,2.85,54.72,0
939,12/27/2022 10:48,35,66,8.61,8.8,0
307,4/10/2024 10:48,100,96,10.53,140.64,0
1100,8/25/2023 10:48,58,58,6.41,29.31,0
800,6/30/2022 10:48,81,46,2.08,4.48,0
797,2/5/2023 10:48,92,43,2.93,1.77,0
660,5/24/2023 10:48,44,100,3.36,159.76,0
826,3/20/2023 10:48,82,72,10.21,195.87,1
27,3/13/2024 10:48,37,58,8.4,12.58,0
1089,2/1/2023 10:48,31,85,0.31,77.07,0
498,3/9/2022 10:48,81,98,1.98,96.11,0
352,6/16/2023 10:48,96,89,0.39,115.96,0
262,5/19/2022 10:48,88,34,8.13,52.07,0
660,1/30/2023 10:48,61,92,0,180.6,1
157,10/5/2024 10:48,74,61,10.76,19.93,0
272,4/18/2022 10:48,92,67,0.68,179.2,0
379,3/4/2022 10:48,31,89,10.21,188.33,0
13,9/14/2023 10:48,34,68,6.48,68.22,0
10,8/25/2022 10:48,44,47,1.42,187.25,0
786,1/9/2024 10:48,96,61,2.14,183.2,0
1024,8/7/2023 10:48,98,30,9.29,110,0
919,11/17/2021 10:48,89,47,7.13,100.96,0
667,8/15/2022 10:48,89,43,10.03,58.81,0
1090,2/5/2023 10:48,82,80,2.98,164.72,0
493,1/4/2022 10:48,50,67,1.08,174.53,0
793,7/22/2021 10:48,29,94,0.74,178.03,0
520,2/18/2024 10:48,65,71,5.18,25.63,0
3,4/16/2024 10:48,53,34,8.6,187.43,0
89,10/14/2022 10:48,26,30,2.52,175.13,0
1007,9/2/2023 10:48,50,74,6.02,50.9,0
872,1/3/2022 10:48,43,36,9.99,65.69,0
1044,3/3/2023 10:48,88,100,0.37,2.48,0
1052,11/7/2023 10:48,67,56,6.25,194.87,0
492,4/2/2024 10:48,82,30,5.19,116.28,0
983,7/15/2021 10:48,52,69,1.72,67.14,0
302,11/30/2023 10:48,42,83,2.25,64.14,0
948,10/3/2022 10:48,29,98,1.08,173.77,0
438,8/17/2023 10:48,75,57,1.53,104.85,0
168,10/23/2023 10:48,68,82,4.51,154.46,0
196,4/6/2023 10:48,51,99,1.02,46.37,0
63,8/24/2022 10:48,84,84,3.15,16.46,0
275,9/28/2024 10:48,60,31,2,28.54,0
776,6/15/2023 10:48,51,56,0.79,66.36,0
1072,2/11/2024 10:48,100,60,4,148.25,0
155,11/29/2023 10:48,87,83,9.41,80.92,0
477,4/30/2022 10:48,86,98,7.68,122.37,0
559,8/16/2023 10:48,24,35,4.33,187.23,0
165,1/2/2023 10:48,41,30,2.16,47.1,0
174,6/1/2024 10:48,91,45,2.55,189.91,0
820,8/27/2021 10:48,68,80,0.96,12.06,0
1021,4/19/2024 10:48,71,57,3.18,18.71,0
27,9/3/2021 10:48,64,42,7.29,136.69,0
754,9/11/2022 10:48,78,47,1.31,74.26,0
80,12/12/2022 10:48,42,90,4.09,54.72,0
217,11/30/2021 10:48,84,59,9.09,46.06,0
343,10/23/2022 10:48,38,74,2.43,145.33,0
638,2/5/2023 10:48,60,82,10.74,42.77,0
484,11/22/2022 10:48,24,84,7.54,71.15,0
710,10/28/2022 10:48,79,43,1.09,177.85,0
947,2/19/2023 10:48,89,77,0.03,30.98,0
473,2/6/2024 10:48,46,44,2.54,138.14,0
987,12/2/2022 10:48,31,99,5.2,20.78,0
110,6/26/2022 10:48,90,78,5.79,101.6,0
421,8/9/2024 10:48,67,98,10.16,29.22,0
621,7/27/2024 10:48,49,58,6.27,106.16,0
937,6/20/2022 10:48,66,61,6.88,42.34,0
975,7/27/2023 10:48,32,61,2.47,57.65,0
556,9/11/2023 10:48,41,55,10.13,178.58,0
52,6/29/2024 10:48,76,76,9.35,40.96,0
57,9/29/2024 10:48,27,44,3.52,73.54,0
429,9/14/2023 10:48,98,88,1.54,111.99,0
544,12/18/2021 10:48,37,71,2.53,52.91,0
545,8/11/2023 10:48,78,62,6.29,179.35,0
9,9/21/2021 10:48,59,71,5.01,128.86,0
971,1/4/2022 10:48,45,94,2.2,15.86,0
723,8/2/2023 10:48,49,52,1.76,26.19,0
789,1/11/2023 10:48,71,76,5.01,194.28,0
133,11/15/2021 10:48,76,87,4.88,196.17,0
469,7/6/2024 10:48,56,33,4.8,95.16,0
1023,9/25/2024 10:48,28,98,8.15,68.67,0
695,7/14/2023 10:48,38,65,3.76,123.95,0
886,5/21/2024 10:48,98,81,0.27,183.89,0
92,3/20/2022 10:48,26,40,6.91,88.78,0
757,9/24/2024 10:48,40,54,8.37,150.19,0
946,3/23/2024 10:48,59,72,4.28,92.44,0
1016,3/29/2022 10:48,23,81,7.94,166.66,1
226,9/5/2022 10:48,99,36,8.11,92.15,0
813,8/13/2021 10:48,37,56,9.01,148.67,0
609,12/22/2022 10:48,75,76,9.71,200.57,0
457,5/10/2022 10:48,96,94,3.83,188.78,0
797,2/15/2022 10:48,55,90,2.62,93.44,0
1003,3/1/2023 10:48,43,83,6.2,49.45,0
384,11/25/2022 10:48,19,50,10.86,106.48,0
789,6/15/2023 10:48,49,83,9.75,67.19,0
1001,6/3/2023 10:48,68,60,8.53,140.47,0
1084,3/16/2022 10:48,63,36,4.57,9,0
972,10/25/2022 10:48,52,55,1.95,198.26,0
216,7/9/2024 10:48,35,87,5.62,39.08,0
1058,2/5/2024 10:48,23,34,10.36,62.82,0
989,3/4/2023 10:48,69,84,6.84,143.46,1
7,7/6/2024 10:48,17,71,3.22,183.69,0
574,8/29/2021 10:48,82,45,2.97,141.9,0
644,7/26/2023 10:48,28,44,3.94,37.86,0
1098,3/23/2022 10:48,66,38,8.07,99.45,0
51,6/15/2022 10:48,55,73,0.73,189.81,0
1068,2/20/2023 10:48,58,85,2.55,146.84,0
910,4/15/2024 10:48,37,46,8.29,177.13,1
703,10/21/2024 10:48,27,53,3,80.34,0
239,7/15/2024 10:48,69,64,0.26,8.86,0
261,7/14/2024 10:48,54,31,7.48,111.4,0
163,10/4/2022 10:48,45,83,10.66,35.72,0
743,9/24/2024 10:48,78,47,1.28,45.56,0
665,10/11/2023 10:48,76,32,2.68,122.79,0
1040,5/23/2024 10:48,79,74,7.54,126.36,0
390,9/10/2022 10:48,82,90,8.32,94.36,0
335,8/16/2022 10:48,66,71,4.99,197.44,0
330,10/12/2024 10:48,36,36,7.71,181.82,0
304,10/17/2024 10:48,32,58,0.44,171.45,0
734,5/16/2024 10:48,21,61,6.74,23.81,0
723,2/3/2023 10:48,46,89,4.59,24.74,0
539,3/16/2024 10:48,66,41,10.61,21.17,0
837,12/1/2023 10:48,100,92,8.04,181.41,0
214,12/23/2021 10:48,68,44,8.68,197.02,0
380,8/27/2021 10:48,67,69,0.34,110.51,1
1038,7/27/2021 10:48,22,51,0.56,60.56,0
151,12/23/2023 10:48,20,77,4.52,182.06,0
1014,1/14/2023 10:48,92,90,9.19,123.66,0
151,12/20/2023 10:48,50,73,1.94,76.71,0
338,9/8/2024 10:48,44,28,2.79,65.71,0
725,4/16/2023 10:48,94,87,7.22,56.01,0
273,7/27/2022 10:48,72,94,6.5,175.56,0
468,7/23/2022 10:48,30,37,6.52,110.92,0
555,4/22/2023 10:48,95,69,3.99,106.48,0
886,4/19/2022 10:48,64,66,2.29,141.11,0
132,7/11/2023 10:48,25,66,4.36,138.35,0
255,4/17/2023 10:48,78,64,2.51,16.29,0
1089,12/10/2022 10:48,27,32,7.92,49.65,1
82,7/10/2022 10:48,83,81,3.89,118.23,0
165,8/10/2024 10:48,73,53,9.68,101.6,0
170,4/20/2023 10:48,47,105,5.95,172.54,0
158,11/26/2023 10:48,60,41,4.51,35.25,0
244,8/6/2021 10:48,23,68,5.7,144.3,0
291,6/18/2023 10:48,37,103,9.29,43.88,0
438,5/1/2024 10:48,54,96,10.55,9.3,0
41,12/21/2023 10:48,25,52,2.41,8.8,0
225,4/26/2022 10:48,57,96,2.01,86.85,0
657,7/2/2023 10:48,41,100,0.7,50,0
927,11/1/2023 10:48,91,36,3.61,158.01,0
355,8/30/2021 10:48,81,96,10.54,8.87,0
737,6/5/2024 10:48,41,99,8.66,109.42,0
872,1/6/2024 10:48,54,62,8.37,81.7,0
550,4/1/2023 10:48,69,56,0.4,80.18,0
254,8/17/2022 10:48,39,50,10.76,127.45,0
386,6/1/2022 10:48,97,72,2.68,152,0
90,7/31/2023 10:48,59,33,6.98,12.1,0
520,6/15/2023 10:48,45,63,2.82,111.78,0
940,2/8/2023 10:48,95,95,3.05,168.66,0
960,8/5/2024 10:48,37,67,10.63,195.74,0
810,11/17/2021 10:48,27,93,10.12,185.14,0
124,6/3/2023 10:48,97,79,9.1,40.96,0
818,10/11/2023 10:48,96,33,2.08,144.6,0
552,9/18/2024 10:48,40,35,1.02,31.68,0
19,4/21/2023 10:48,92,92,4.88,38.96,0
256,3/7/2024 10:48,97,61,8.17,159.68,0
439,5/17/2024 10:48,84,82,7.44,160.95,0
642,10/18/2024 10:48,90,91,10,189.28,0
864,6/2/2022 10:48,76,63,8.12,175.68,0
935,3/9/2022 10:48,35,80,10.83,31.98,0
773,9/8/2024 10:48,61,94,5.47,190.54,0
740,9/24/2023 10:48,32,66,3.69,93.6,0
61,10/12/2024 10:48,80,88,6.71,181.06,0
912,9/30/2024 10:48,72,45,5.22,50.1,0
367,1/16/2023 10:48,47,63,0.65,28.18,0
574,7/21/2024 10:48,73,34,0.7,141.86,0
1058,4/1/2023 10:48,34,92,5.82,83.96,0
1071,10/30/2022 10:48,74,70,3.11,120.44,0
572,4/23/2023 10:48,67,97,1.88,67.8,0
427,3/23/2024 10:48,20,102,4.93,125.76,0
352,3/4/2023 10:48,32,37,7.81,68.17,0
675,3/18/2022 10:48,32,33,9.94,26.54,0
631,3/4/2024 10:48,75,38,1.7,167.96,0
296,4/6/2024 10:48,67,90,8.96,194.42,0
584,6/16/2024 10:48,23,26,7.7,111.61,0
681,5/29/2022 10:48,52,90,10.69,183.36,0
902,4/18/2022 10:48,75,41,1.96,150.6,0
553,5/3/2024 10:48,18,32,2.55,151.81,0
241,7/10/2021 10:48,58,84,9.76,132,0
359,4/23/2023 10:48,75,44,0.21,136.67,0
1059,11/15/2023 10:48,32,79,3.44,95.92,0
735,7/17/2024 10:48,44,58,3.37,158.38,0
139,6/30/2022 10:48,99,52,7.03,98.68,0
453,2/14/2022 10:48,27,32,7.95,71.29,0
279,11/23/2021 10:48,30,65,2.05,44.03,0
335,10/13/2022 10:48,25,49,0.14,99.94,0
1052,3/11/2023 10:48,49,59,7.54,51.18,0
974,7/10/2022 10:48,25,73,2.03,65.07,0
726,9/12/2023 10:48,83,32,6.52,57.65,1
176,9/30/2022 10:48,30,94,1.94,99.99,0
572,11/4/2023 10:48,96,75,9.26,14.96,0
628,11/7/2022 10:48,58,49,5.26,82.3,0
1049,2/27/2022 10:48,67,38,10.33,94.74,0
788,5/29/2024 10:48,27,96,0.5,2.38,0
755,6/28/2023 10:48,25,69,6.5,149.51,0
141,5/24/2022 10:48,31,54,2.25,141.75,0
258,3/15/2024 10:48,23,96,7.82,72.84,0
28,3/1/2022 10:48,39,40,6.83,111.78,0
538,10/4/2021 10:48,29,31,5.93,105.89,0
935,10/9/2022 10:48,31,33,1.95,17.89,0
222,8/26/2024 10:48,96,64,0.8,173.43,0
90,6/24/2022 10:48,70,78,8.14,71.98,0
954,7/28/2022 10:48,46,37,4.89,76.48,0
518,12/22/2021 10:48,64,56,5.72,67.68,0
413,6/6/2022 10:48,62,59,9.92,176.65,0
1081,1/1/2022 10:48,75,36,0.33,18.25,0
642,9/1/2023 10:48,28,56,7.79,59.72,0
289,12/15/2021 10:48,65,52,7.23,165.77,0
718,8/10/2024 10:48,97,103,7.98,91.62,0
208,1/26/2023 10:48,43,30,0.26,73.82,0
435,4/3/2023 10:48,36,62,6.26,26.64,0
471,11/21/2021 10:48,71,93,7.11,2.9,0
835,3/11/2022 10:48,57,67,8.88,197.1,0
168,2/20/2024 10:48,64,46,0.42,37.21,0
987,3/26/2024 10:48,54,74,2.24,76.94,0
373,11/5/2022 10:48,55,50,8.29,32.44,0
787,4/24/2024 10:48,57,103,7.46,119.92,1
738,6/6/2024 10:48,72,27,2.04,109.74,0
902,8/18/2021 10:48,87,93,4.22,55.36,1
926,8/21/2021 10:48,85,100,4.96,18.85,0
1053,8/27/2023 10:48,50,78,9,108.22,0
677,1/5/2024 10:48,102,72,0.76,48.4,0
545,7/4/2024 10:48,46,30,2.26,59.43,1
312,7/5/2024 10:48,81,97,5.76,185.91,0
643,10/28/2023 10:48,65,38,8.08,195.91,0
996,11/17/2023 10:48,89,99,3.81,114.24,0
657,10/19/2023 10:48,47,47,1.79,9.96,0
338,5/13/2023 10:48,86,61,6.56,133.25,0
478,12/25/2021 10:48,92,52,9.92,33.77,0
375,11/30/2021 10:48,84,87,6.79,87,0
893,10/19/2021 10:48,27,42,4.19,53.41,0
460,9/28/2023 10:48,69,47,6.23,72.75,1
129,7/10/2022 10:48,76,85,8.57,189.58,0
325,7/8/2024 10:48,21,35,3.38,126.52,0
281,6/22/2023 10:48,55,94,3.38,45.48,0
456,11/16/2022 10:48,40,73,1.62,88.5,0
453,5/12/2024 10:48,22,65,7.74,191.45,0
385,9/22/2024 10:48,33,91,9.99,154.16,0
1094,10/11/2024 10:48,85,79,3.37,187.38,0
592,11/3/2021 10:48,53,75,1.61,169.79,0
102,6/13/2023 10:48,19,51,7.12,127.63,0
556,1/24/2024 10:48,92,47,1.19,23.42,0
35,6/11/2022 10:48,45,83,4.5,24.14,0
731,5/18/2023 10:48,73,85,4.81,160.84,0
144,10/27/2021 10:48,36,45,7.23,77.68,0
292,11/28/2022 10:48,95,34,10.88,71,0
581,7/20/2022 10:48,70,52,5.8,103.54,0
223,3/27/2023 10:48,67,87,6.48,55.96,0
268,6/5/2024 10:48,27,73,7.95,28.23,0
573,6/22/2022 10:48,34,39,2.37,103.86,0
93,1/19/2024 10:48,44,44,2.49,16.29,0
615,2/20/2022 10:48,82,97,5.59,14.51,0
366,12/1/2023 10:48,25,47,1.91,96.88,0
514,3/26/2024 10:48,88,89,0.88,19.42,0
885,11/13/2021 10:48,97,91,10.88,82.15,0
433,8/29/2021 10:48,43,89,8.4,75.93,0
448,3/16/2023 10:48,43,85,7.59,180.88,0
770,9/19/2021 10:48,47,92,4,61.27,0
1048,6/30/2024 10:48,29,77,3.37,126.14,0
928,9/6/2023 10:48,64,68,2.32,6.49,1
414,4/4/2023 10:48,85,68,7.03,144.59,0
692,10/2/2022 10:48,61,59,0.05,6.28,1
595,9/4/2021 10:48,28,55,5.71,36.83,0
31,4/4/2024 10:48,37,78,6.25,114.96,0
93,9/1/2021 10:48,70,78,1.2,50.6,0
349,2/9/2022 10:48,63,70,4,123.72,0
703,11/29/2022 10:48,63,56,8.41,187.74,0
916,12/12/2021 10:48,68,63,5.95,61.58,0
989,6/13/2022 10:48,62,51,8.76,166.93,0
864,4/20/2024 10:48,73,103,3.17,118.27,0
706,3/16/2023 10:48,69,88,9.51,164,1
704,9/15/2023 10:48,86,60,10.38,17.31,0
962,4/24/2024 10:48,101,48,10.22,116.53,0
176,8/27/2021 10:48,78,37,3.89,155.39,0
103,4/4/2022 10:48,23,48,8.43,121.66,0
637,12/25/2021 10:48,89,88,0.98,78.65,0
845,9/20/2021 10:48,36,84,10.13,45.37,0
422,10/14/2021 10:48,99,57,8.07,86.69,0
610,4/1/2024 10:48,86,82,0.04,53.33,0
902,5/8/2022 10:48,71,37,8.62,4.17,0
497,9/25/2022 10:48,44,74,10.41,157.81,0
406,8/2/2022 10:48,56,89,7.78,136.28,0
829,4/24/2023 10:48,97,84,4.02,150.98,0
887,3/1/2022 10:48,30,47,8.22,73.96,0
977,1/31/2023 10:48,87,73,5.41,13.75,0
902,12/22/2023 10:48,90,34,4.74,50.03,0
735,5/17/2024 10:48,25,53,5,102.22,0
356,8/27/2022 10:48,65,47,1.28,70.88,0
311,4/24/2024 10:48,35,84,2.87,68.07,0
599,3/10/2024 10:48,98,77,10.68,65.4,0
1065,10/4/2021 10:48,50,78,8.38,42.35,0
1057,1/12/2023 10:48,47,34,6.65,159.26,0
1025,10/12/2024 10:48,33,92,6.98,88.15,0
443,6/10/2024 10:48,34,54,5.25,104.16,0
783,11/2/2021 10:48,66,31,9.89,74.31,0
741,12/31/2023 10:48,61,73,9.28,93.16,0
387,11/15/2022 10:48,87,43,0.17,107.23,0
345,7/2/2022 10:48,26,89,4.33,149.43,0
726,2/18/2024 10:48,39,87,1.46,11.09,1
174,5/6/2024 10:48,42,96,10.41,157.85,0
829,5/7/2023 10:48,35,35,7.39,114.16,0
905,3/30/2022 10:48,54,82,6.61,126.18,0
759,3/18/2024 10:48,67,70,2.91,56.75,0
964,9/7/2023 10:48,31,53,0.4,121.99,0
87,7/2/2022 10:48,69,80,1,27.87,0
70,10/8/2021 10:48,60,65,3.43,45.59,0
457,7/8/2022 10:48,58,62,3.55,176.4,0
819,9/30/2024 10:48,92,26,1.05,75.95,0
768,12/23/2023 10:48,43,29,6.03,189.22,0
348,8/8/2021 10:48,79,64,9,101.39,0
644,7/19/2024 10:48,19,54,7.95,35.66,0
534,8/25/2024 10:48,81,103,6.53,126.95,0
768,2/7/2023 10:48,100,62,0.02,155.52,0
930,6/14/2022 10:48,49,75,9.96,30.43,0
268,12/8/2021 10:48,77,78,3.05,65.71,0
663,12/9/2021 10:48,17,56,0.9,46.82,0
55,8/17/2021 10:48,37,51,8.06,78.1,0
559,9/3/2023 10:48,25,56,10.03,182.25,0
299,5/23/2023 10:48,91,44,5,132.26,0
837,8/26/2022 10:48,103,98,2.16,3.04,0
362,11/20/2022 10:48,78,72,7.32,63.65,0
529,8/3/2022 10:48,97,49,4.93,22.61,0
1095,11/30/2022 10:48,32,33,5.88,164.65,0
157,3/16/2024 10:48,100,52,2.28,88.28,0
215,5/31/2022 10:48,56,44,1.9,133.03,0
736,6/9/2024 10:48,93,34,2.54,176.85,0
184,8/2/2024 10:48,19,87,8.54,103.69,0
445,11/6/2022 10:48,97,58,6.89,87.66,0
641,3/20/2024 10:48,69,61,10.94,112.37,0
217,5/10/2024 10:48,36,78,0.38,185.08,0
853,5/23/2024 10:48,23,65,4.44,85.68,0
571,8/11/2021 10:48,25,54,7.33,162.86,0
136,11/30/2021 10:48,34,67,1.73,91.52,0
949,12/12/2023 10:48,78,46,10.67,120.57,0
699,4/26/2022 10:48,48,91,10.12,67.3,1
440,5/31/2022 10:48,57,47,2.01,182.99,0
486,8/28/2024 10:48,32,48,5.26,132.04,0
659,3/12/2023 10:48,71,32,7.32,53.79,0
237,1/17/2022 10:48,76,66,1.07,159.99,0
106,12/2/2023 10:48,79,48,3.39,149.28,0
733,9/21/2023 10:48,81,81,0.77,168.87,0
763,7/29/2021 10:48,64,78,10.52,80.31,0
440,7/5/2023 10:48,91,104,9.62,77.67,0
1020,11/17/2021 10:48,82,95,1.92,37.04,0
588,8/27/2022 10:48,36,56,4.07,194.49,0
603,8/22/2021 10:48,55,47,2.85,5.03,0
805,12/6/2023 10:48,76,81,5.1,146.83,0
505,3/28/2023 10:48,72,52,9.91,149,0
466,11/18/2021 10:48,44,55,7.49,148.31,0
307,1/31/2024 10:48,41,35,9.9,168.09,0
309,8/3/2022 10:48,53,57,4.96,189.66,0
1001,10/7/2022 10:48,39,33,10.47,139.08,0
907,10/25/2022 10:48,100,83,10.52,71.08,0
1073,7/18/2022 10:48,26,71,6.92,198.16,0
366,1/10/2022 10:48,48,68,8.09,176.33,1
166,9/5/2021 10:48,80,54,7.62,24.49,0
49,12/8/2022 10:48,91,91,10.11,64.29,0
451,8/27/2024 10:48,45,93,5.19,172.31,0
655,8/9/2022 10:48,35,67,0.62,165.61,0
125,6/30/2022 10:48,82,84,4.89,147.03,0
306,6/7/2024 10:48,37,91,7.43,180.69,0
778,12/9/2022 10:48,82,33,0.07,7.43,0
146,10/11/2024 10:48,32,86,5.6,109.39,0
781,8/29/2021 10:48,38,72,10.35,88.02,0
93,10/21/2023 10:48,65,104,1.96,36.21,0
81,1/17/2024 10:48,37,90,9.27,48.89,0
763,3/5/2022 10:48,42,82,2,160.99,0
247,1/7/2024 10:48,52,63,7.94,125.24,0
408,4/23/2022 10:48,61,103,2.12,103.33,0
277,11/7/2021 10:48,67,49,5.98,144.18,0
233,11/1/2021 10:48,83,45,0.87,102.82,0
177,4/20/2023 10:48,17,78,6.74,164.1,0
125,2/27/2023 10:48,65,50,6.19,96,0
405,10/31/2022 10:48,38,77,10.05,59.02,0
141,7/11/2022 10:48,63,68,1.37,173.05,0
582,6/3/2023 10:48,68,90,10.63,11.05,0
467,7/12/2021 10:48,50,98,10.01,185.84,0
592,4/25/2024 10:48,47,35,7.93,118.18,0
233,6/11/2023 10:48,62,59,8.12,103.93,0
1070,7/25/2024 10:48,67,99,5.07,21.14,0
260,3/17/2022 10:48,40,33,1.43,160.05,0
991,8/5/2023 10:48,62,75,0.46,57.65,0
1095,7/31/2022 10:48,23,67,3.38,194.02,0
375,11/11/2021 10:48,38,46,9.05,110.23,0
1054,7/12/2024 10:48,90,51,7.29,57.92,0
909,6/27/2022 10:48,102,89,2.07,36.2,0
760,10/23/2021 10:48,28,59,7.17,191.14,0
833,12/22/2021 10:48,34,41,6.68,12.39,0
341,1/18/2023 10:48,64,97,6.29,193.6,0
49,11/12/2021 10:48,36,73,2.78,106.61,0
996,11/19/2023 10:48,66,56,7.96,2.1,0
435,12/1/2021 10:48,54,43,7.4,68.36,0
714,9/5/2024 10:48,69,101,1.91,60.41,0
1022,6/19/2022 10:48,62,99,0.33,9.09,0
436,6/20/2022 10:48,48,48,1.65,5.54,0
418,10/20/2023 10:48,27,93,5.93,183.8,0
355,5/12/2024 10:48,25,57,10.48,166.79,0
326,2/29/2024 10:48,63,82,10.06,179.47,0
188,10/5/2023 10:48,73,36,7.38,110.39,0
193,1/19/2023 10:48,55,50,3.5,141.03,0
239,10/20/2024 10:48,50,63,6,145.17,0
687,6/12/2023 10:48,92,37,7.97,172.52,0
878,4/11/2024 10:48,47,50,9.54,26.15,0
574,10/23/2023 10:48,37,27,9.95,177.54,0
213,12/16/2023 10:48,69,87,8.9,96.14,0
14,5/29/2022 10:48,64,45,10.06,111.08,0
1074,6/1/2022 10:48,55,45,7.92,111.88,0
751,5/9/2022 10:48,37,37,1.61,52.21,0
539,7/29/2021 10:48,73,61,6.34,116.34,0
819,10/3/2022 10:48,31,80,5.28,19.97,0
837,4/24/2022 10:48,79,83,9.82,176.35,0
262,1/11/2022 10:48,71,71,2.02,18.96,0
282,11/15/2023 10:48,28,55,8.62,136.25,0
344,12/23/2023 10:48,60,49,0.83,124.34,0
356,12/21/2021 10:48,29,40,9.11,62.67,0
211,9/17/2024 10:48,54,53,5.07,174.51,0
469,12/5/2021 10:48,54,56,3.38,130.15,0
376,8/5/2023 10:48,24,104,8.93,146.46,0
426,9/18/2023 10:48,36,78,7.42,132.28,0
1002,12/19/2023 10:48,72,83,7.35,71.88,0
620,1/7/2024 10:48,24,66,7.15,6.11,0
517,9/4/2022 10:48,85,66,0.83,37.9,0
262,7/26/2021 10:48,52,37,10.37,122.11,0
34,9/13/2024 10:48,71,90,5.14,24.88,0
114,3/12/2022 10:48,18,92,5.95,97,0
1023,12/27/2022 10:48,20,51,8.14,196.78,0
149,6/25/2023 10:48,56,35,6,171.96,0
917,6/26/2024 10:48,47,51,3,110.91,0
1001,5/15/2023 10:48,77,81,7.29,50.3,0
773,12/16/2021 10:48,32,38,7.27,108.33,0
537,9/5/2023 10:48,102,45,6.26,47,1
205,12/16/2022 10:48,94,81,5.09,47.08,0
108,4/25/2023 10:48,93,48,1.83,146.49,0
951,4/14/2022 10:48,66,31,0.48,148.14,1
160,7/17/2024 10:48,38,58,5.75,64.84,0
4,8/29/2021 10:48,37,95,8.73,166.64,0
777,2/20/2023 10:48,45,91,1.63,171.54,0
64,9/4/2024 10:48,78,30,2.01,161.82,0
272,10/30/2021 10:48,79,56,1.56,132.63,1
476,1/12/2023 10:48,83,89,2.68,180.57,0
824,7/12/2024 10:48,43,54,10.83,153.89,0
817,3/23/2022 10:48,58,45,0.48,50.99,0
129,3/19/2023 10:48,22,70,0.52,95.65,0
708,6/5/2023 10:48,42,62,9.23,104.73,0
939,9/11/2021 10:48,18,88,9.39,92.68,0
425,7/26/2022 10:48,35,66,5.94,46.64,0
464,7/4/2023 10:48,85,99,5.28,80.93,0
982,6/6/2022 10:48,90,37,4.05,128.24,0
39,3/22/2022 10:48,55,87,10.24,193.18,0
529,10/22/2021 10:48,93,52,1.5,4.79,0
955,7/21/2024 10:48,43,84,8.06,9.06,0
2,1/7/2023 10:48,89,98,9.26,110.16,0
420,6/23/2022 10:48,49,83,1.06,114.76,0
1079,5/15/2024 10:48,80,53,7.42,112.6,0
174,8/13/2021 10:48,91,62,9.64,13.63,0
691,12/15/2022 10:48,30,72,7.45,151.28,0
807,4/3/2023 10:48,41,38,5.2,175.92,0
487,2/20/2024 10:48,39,87,1.67,181.07,0
115,10/26/2021 10:48,44,62,5.32,128.65,1
672,5/8/2024 10:48,76,90,0.1,119.45,0
30,3/21/2022 10:48,33,55,5.73,103.87,0
100,10/2/2024 10:48,60,50,3.51,121.33,0
1071,1/15/2024 10:48,40,33,6.64,174.43,0
617,3/2/2023 10:48,25,71,5.99,80.28,0
108,3/2/2022 10:48,73,84,8.58,156.51,0
834,2/15/2023 10:48,91,43,2.99,15.72,1
602,11/24/2023 10:48,22,39,5.72,39.11,0
1023,1/30/2023 10:48,92,88,8.64,19.04,0
712,1/2/2024 10:48,94,90,0.92,154.87,0
715,1/29/2023 10:48,42,35,9.05,177.38,1
272,2/15/2023 10:48,49,40,2.12,60.25,0
362,12/24/2023 10:48,73,53,9.36,121.52,0
284,12/8/2023 10:48,95,82,5.79,17.88,0
286,7/31/2021 10:48,72,45,7.44,83.75,0
942,2/28/2024 10:48,25,77,10.02,162.42,0
619,12/12/2023 10:48,75,33,3,182.15,0
769,3/12/2023 10:48,69,27,10.86,140.89,0
793,12/1/2021 10:48,25,72,9.27,152.73,0
282,6/6/2024 10:48,76,60,3.77,72.8,0
681,9/13/2021 10:48,65,55,4.69,22.8,1
514,3/10/2022 10:48,77,43,1.5,31.3,0
918,11/6/2022 10:48,27,94,0.57,122.29,0
447,7/28/2021 10:48,23,77,10.74,183,0
690,5/5/2024 10:48,78,36,1.82,164.81,0
475,8/25/2023 10:48,75,41,3.04,39.19,0
148,6/28/2022 10:48,32,61,4.27,174.53,0
192,6/15/2022 10:48,99,50,4.85,197.28,0
306,11/26/2023 10:48,81,87,0.96,143.3,0
933,8/28/2024 10:48,82,74,9.04,58.21,0
183,12/18/2021 10:48,89,90,5.42,144.98,0
706,2/5/2022 10:48,26,83,4.09,11.73,0
146,4/30/2022 10:48,84,100,6.57,167.76,0
1066,10/8/2023 10:48,97,63,0,90.09,0
704,4/30/2023 10:48,80,92,10.37,83,0
379,1/11/2022 10:48,20,53,3.04,62.94,0
515,11/27/2022 10:48,20,91,4.28,93.03,0
593,2/7/2022 10:48,94,40,1.11,21.13,0
933,4/9/2024 10:48,60,70,4.38,188.38,0
114,11/7/2022 10:48,91,94,5.97,127.55,0
841,11/10/2021 10:48,27,51,5.12,106.36,0
887,8/20/2022 10:48,87,28,2.55,165.74,0
913,7/18/2023 10:48,92,96,9.21,26.69,0
596,3/20/2022 10:48,58,93,0.26,193.9,0
1056,6/12/2023 10:48,33,41,3.07,49.46,0
440,8/27/2023 10:48,76,50,5.31,49.65,0
734,9/3/2021 10:48,74,86,4.63,60.45,1
292,9/11/2022 10:48,19,60,3.75,108.3,0
984,10/7/2023 10:48,34,73,6.56,131.58,0
424,6/15/2023 10:48,101,89,10.16,89.18,0
709,7/22/2022 10:48,75,78,4.78,114.12,0
85,8/31/2024 10:48,44,53,9.03,103.09,0
235,9/2/2024 10:48,54,61,7.1,155.34,0
778,3/2/2024 10:48,21,82,5.49,171.35,0
1071,11/4/2021 10:48,46,59,10.6,4.78,1
512,4/29/2022 10:48,43,73,7.58,189.28,0
496,7/1/2022 10:48,34,82,6.47,51.86,0
1060,6/26/2024 10:48,38,81,7.23,4,0
309,2/7/2024 10:48,91,72,6.37,92.7,0
372,3/28/2022 10:48,42,38,5.63,124.78,0
710,11/4/2021 10:48,55,48,2.86,73.81,0
589,10/12/2024 10:48,36,91,3.72,12.05,0
129,6/1/2024 10:48,38,58,3.33,61.28,1
894,6/7/2023 10:48,39,51,1.35,153.39,0
661,12/27/2023 10:48,101,52,10.5,194.93,0
400,7/12/2022 10:48,29,72,1.07,174.18,0
714,10/18/2024 10:48,41,58,8.6,147.11,0
373,5/1/2022 10:48,100,96,5,184.07,0
717,7/16/2022 10:48,23,84,6.55,134.3,0
669,10/20/2022 10:48,92,43,4.4,81.31,0
354,11/28/2023 10:48,98,93,8.77,152.17,0
861,11/15/2022 10:48,58,46,3.08,149.45,0
6,11/25/2021 10:48,95,83,6.95,39.77,0
582,7/13/2024 10:48,85,75,0.55,3.88,0
508,9/5/2021 10:48,33,49,5.31,127.12,0
641,6/10/2023 10:48,44,94,1.24,154.34,0
808,9/22/2021 10:48,88,89,9.94,75.13,0
365,8/21/2023 10:48,60,77,3.58,80.59,0
371,4/1/2022 10:48,66,31,7.88,35.19,0
677,6/11/2022 10:48,52,90,8.79,200.95,0
729,3/4/2022 10:48,27,47,2.91,143.83,0
941,1/15/2022 10:48,98,30,6.56,39.69,0
252,5/9/2023 10:48,44,67,2.25,64.44,0
177,8/21/2022 10:48,35,77,8.96,43.2,0
857,12/27/2023 10:48,40,76,2.38,185.1,0
620,6/9/2023 10:48,50,82,0.04,107.16,0
767,4/23/2024 10:48,30,52,5.18,2.26,0
179,7/3/2024 10:48,35,99,2.5,59.61,0
79,2/8/2023 10:48,36,61,4.24,92.32,0
807,6/4/2024 10:48,55,87,5.31,142.59,0
289,11/14/2021 10:48,52,50,7.44,14.52,0
295,6/21/2023 10:48,31,36,10.98,136.31,1
523,9/9/2024 10:48,87,33,6.21,191.19,0
748,1/21/2024 10:48,50,51,0.01,35.84,0
397,5/16/2023 10:48,82,75,0.33,5.06,0
607,7/26/2021 10:48,91,84,9.82,21.38,1
38,7/7/2023 10:48,20,95,6.92,34.08,0
420,1/25/2022 10:48,24,58,5.58,19.85,0
696,5/15/2022 10:48,94,104,7.89,198.97,0
260,7/12/2024 10:48,54,96,1.75,94.22,0
710,3/6/2023 10:48,101,91,6.43,69.45,0
366,7/15/2021 10:48,27,55,0.61,2.93,0
796,9/18/2022 10:48,70,43,10.5,10.7,0
744,1/4/2022 10:48,87,45,1.57,35.61,0
229,9/27/2023 10:48,50,40,8.99,167.7,1
808,12/19/2023 10:48,85,61,0.09,165.1,0
319,8/22/2021 10:48,57,63,9.76,145.05,0
742,11/1/2022 10:48,48,55,2.34,61.35,0
769,10/14/2023 10:48,102,31,9.27,164.9,1
260,3/13/2024 10:48,58,30,1.69,152.58,0
716,6/15/2024 10:48,64,89,1.48,77.43,0
973,3/29/2022 10:48,97,34,2.67,45.05,0
353,8/23/2024 10:48,46,53,2.71,29.5,0
205,9/25/2021 10:48,47,42,2.37,57.63,0
1005,2/9/2023 10:48,60,67,10.1,13.99,0
1099,9/22/2023 10:48,47,42,9.25,55.74,0
723,5/11/2023 10:48,20,100,7.7,115.43,0
689,2/19/2022 10:48,25,72,0.78,63.69,0
117,1/28/2022 10:48,73,76,10.71,72.84,0
599,5/21/2022 10:48,56,32,3.68,71.94,0
1021,6/24/2024 10:48,64,71,10.85,23.58,0
176,9/24/2023 10:48,68,98,9.12,117.82,0
928,6/11/2023 10:48,54,67,4.12,81.28,0
462,6/11/2024 10:48,65,84,1.44,189.67,0
1001,3/19/2022 10:48,86,94,8.65,36.78,0
45,2/22/2022 10:48,96,65,8.71,27.63,0
486,2/9/2023 10:48,38,36,2.93,6.05,0
981,5/10/2024 10:48,30,86,9.97,185.39,0
226,9/15/2024 10:48,68,94,2.87,132.54,0
89,7/16/2023 10:48,74,90,0.85,116.82,0
678,10/3/2021 10:48,73,47,9.14,92.82,0
901,7/20/2023 10:48,49,88,1.35,137.09,0
687,9/21/2023 10:48,71,49,8.87,18.76,0
291,12/20/2023 10:48,60,76,3.87,121.8,0
112,1/15/2023 10:48,51,56,5.81,176.81,0
135,6/2/2023 10:48,74,63,3.99,125.61,0
552,3/25/2022 10:48,84,42,1.54,7.6,0
824,9/28/2022 10:48,59,86,2.43,52.1,0
893,3/12/2023 10:48,90,65,6.4,34.18,0
506,12/30/2021 10:48,89,68,0,148.54,0
907,4/22/2022 10:48,64,44,0.33,3.91,0
212,10/20/2024 10:48,51,55,6.9,104.6,0
14,9/13/2021 10:48,93,36,4.72,84.78,0
513,2/6/2022 10:48,98,91,8.46,62.03,0
499,10/25/2021 10:48,61,76,4.71,110.31,0
550,4/27/2024 10:48,50,76,10.51,154.46,0
350,6/15/2024 10:48,96,61,3.68,5.68,0
1067,7/14/2024 10:48,40,81,5.85,15.94,0
503,3/7/2022 10:48,72,76,9.52,199.16,0
491,7/20/2024 10:48,43,89,5.19,92.28,0
901,4/7/2023 10:48,56,52,9.84,85.51,0
310,8/15/2021 10:48,23,38,8.4,70.31,0
289,11/22/2023 10:48,30,81,9.31,4.2,0
862,4/11/2024 10:48,50,90,10.75,49.48,0
746,9/9/2021 10:48,58,88,0.35,44.04,0
1098,7/24/2024 10:48,67,33,10.85,118.6,0
287,1/11/2022 10:48,67,44,9.13,191.28,0
96,9/16/2022 10:48,34,47,7.64,55.75,0
31,8/9/2021 10:48,47,47,7.69,86.67,0
684,9/19/2024 10:48,99,63,3.61,174.92,0
561,8/19/2021 10:48,59,52,9.98,105.81,0
137,7/27/2023 10:48,99,66,3.59,52.92,0
1051,10/13/2024 10:48,89,64,0.64,193.25,0
592,9/16/2022 10:48,74,65,5.44,153.75,0
1069,12/16/2021 10:48,20,91,4,167.15,0
477,7/31/2021 10:48,85,60,2.03,4.16,0
775,12/24/2022 10:48,46,64,9,42.3,0
929,4/19/2023 10:48,53,73,1.95,197.31,0
958,3/13/2023 10:48,41,84,1.71,29.01,0
1043,10/28/2022 10:48,79,65,7.98,137.46,0
124,3/21/2024 10:48,20,94,6.25,103.46,0
1098,12/25/2023 10:48,74,62,2.59,74.41,0
802,7/21/2021 10:48,70,34,7.18,190.71,0
1071,10/6/2024 10:48,29,47,7.24,183.44,0
606,9/17/2023 10:48,57,59,3.4,140.37,0
35,3/31/2024 10:48,42,33,3.18,58.31,0
856,7/21/2021 10:48,29,53,1.59,147.18,0
28,3/21/2022 10:48,33,77,8.3,194.62,0
890,1/30/2024 10:48,94,59,6.71,100.63,0
560,6/25/2023 10:48,80,78,4.05,178.96,0
1019,7/22/2021 10:48,39,70,8.09,10.68,0
260,4/16/2023 10:48,62,52,10.3,183.69,0
1017,4/16/2023 10:48,30,87,9.2,70.44,0
210,3/28/2022 10:48,67,84,10.25,147.9,0
762,10/3/2024 10:48,29,89,9.7,94.84,0
1091,8/27/2022 10:48,33,35,9.59,1.08,0
570,3/2/2024 10:48,36,57,9.85,106.86,0
1038,1/21/2023 10:48,88,74,1.17,6.2,0
416,4/25/2024 10:48,79,29,3.87,128.15,0
469,4/30/2024 10:48,84,96,9.88,91.24,0
302,1/24/2023 10:48,49,87,2.74,22.75,0
101,8/11/2021 10:48,79,76,5.27,32.66,0
870,7/24/2024 10:48,26,49,5.24,191.88,0
335,6/29/2022 10:48,67,99,0.51,195.87,1
861,4/15/2023 10:48,20,66,0.93,172.15,0
602,2/18/2024 10:48,61,43,2.8,143.77,0
969,1/13/2023 10:48,92,37,8.81,77.55,1
14,2/21/2024 10:48,53,38,0.05,87.09,0
763,8/4/2021 10:48,23,86,10.22,52.34,0
1085,3/10/2023 10:48,90,64,5.39,94.2,0
864,2/10/2023 10:48,100,43,9.66,135.15,0
665,10/12/2022 10:48,37,87,9.96,114.01,0
852,4/20/2024 10:48,73,52,10.56,66.68,0
410,6/17/2023 10:48,22,56,9.2,8.42,0
309,2/2/2022 10:48,90,66,1.32,4,0
167,5/21/2023 10:48,39,62,8.29,135.07,0
41,3/13/2024 10:48,27,100,10.22,81.37,0
471,7/25/2022 10:48,81,39,8.89,53.86,0
405,12/25/2022 10:48,59,84,6.92,98.86,0
588,3/6/2022 10:48,42,63,6.72,163.99,0
188,8/22/2021 10:48,41,42,5.84,176.29,0
575,3/13/2022 10:48,34,80,9.5,188.11,0
770,9/28/2024 10:48,71,30,0.43,20.25,1
915,1/12/2022 10:48,53,40,3.36,200.17,0
73,3/16/2024 10:48,29,58,5.69,176.85,1
760,12/21/2023 10:48,34,74,9.31,85.91,0
470,7/5/2023 10:48,33,37,0.33,95.12,0
1010,7/27/2022 10:48,93,35,1.43,4.76,0
84,8/31/2024 10:48,43,90,6.19,87.97,0
58,8/26/2021 10:48,76,75,0.6,147.59,0
433,10/21/2023 10:48,69,103,2.99,110.19,0
958,6/1/2023 10:48,65,81,6.11,148.71,0
732,6/3/2022 10:48,53,74,6.79,196.91,0
205,8/16/2022 10:48,26,65,4.68,184.83,0
579,2/14/2023 10:48,76,94,6.96,4.46,0
361,6/20/2023 10:48,81,98,1.33,58.6,0
811,9/18/2021 10:48,22,87,4.47,152,0
834,7/15/2022 10:48,83,61,0.43,51.2,0
992,11/25/2021 10:48,62,44,2.19,24.52,0
826,7/5/2024 10:48,30,95,6.78,197.38,0
372,7/28/2021 10:48,25,65,3.96,92.06,0
615,7/3/2023 10:48,101,68,10.05,124.06,0
128,7/2/2022 10:48,31,82,3.41,88.1,0
916,1/19/2022 10:48,81,85,10.71,185.98,0
67,12/14/2022 10:48,62,94,9.44,140.11,0
632,5/2/2023 10:48,59,56,2.81,100.04,0
550,3/10/2022 10:48,69,77,1.55,89.54,0
993,9/8/2021 10:48,35,30,4.17,153.26,0
347,4/28/2023 10:48,86,33,5.48,131.68,0
1051,11/3/2023 10:48,46,33,1.06,5.12,0
774,1/30/2022 10:48,84,100,8.17,127.42,0
920,6/17/2022 10:48,77,63,6.52,181.39,0
1045,7/26/2024 10:48,72,65,2.95,21.2,0
372,5/18/2023 10:48,39,62,3.38,54.79,0
873,2/29/2024 10:48,49,95,6.51,143.84,0
524,6/8/2023 10:48,98,47,6,174.49,0
220,8/1/2021 10:48,42,54,3.41,16.48,0
55,8/27/2024 10:48,82,102,10.06,199.29,0
295,9/3/2022 10:48,31,66,4.76,23.55,0
688,5/10/2024 10:48,51,60,1.62,69.16,0
465,8/8/2023 10:48,50,44,10.05,53.69,0
604,10/23/2023 10:48,95,67,5.81,59.49,0
716,2/15/2022 10:48,98,82,4.87,57.08,0
862,9/19/2024 10:48,37,35,10.91,44.42,0
846,9/4/2021 10:48,76,51,8.7,117.42,0
747,10/12/2024 10:48,88,56,0.42,156.47,0
132,10/4/2024 10:48,48,89,2.03,139.53,0
240,9/9/2021 10:48,93,97,7.65,49.09,0
1080,7/9/2023 10:48,56,42,9.29,104.6,0
1082,12/24/2021 10:48,37,89,5.82,82.41,0
966,12/24/2023 10:48,72,81,0.43,166.78,0
604,4/24/2023 10:48,74,81,0.12,115.4,0
523,6/17/2022 10:48,24,76,1.47,5.75,0
874,7/14/2023 10:48,73,75,6.96,81.77,0
999,3/12/2023 10:48,55,94,7.48,79.38,0
456,11/28/2023 10:48,44,46,8.55,169.87,0
969,6/27/2022 10:48,101,55,5.72,157.38,0
197,7/26/2022 10:48,100,62,2.73,160.5,0
881,10/4/2021 10:48,39,39,9.84,162.64,0
661,4/14/2022 10:48,51,42,8.33,64.97,0
129,8/24/2023 10:48,33,86,4.03,57.79,0
949,8/5/2022 10:48,86,78,9.44,64.45,0
702,11/24/2023 10:48,49,77,10.69,19.83,0
626,12/26/2021 10:48,42,60,1.38,97.96,0
659,7/20/2023 10:48,95,98,2.03,145.28,0
1078,9/28/2024 10:48,31,50,4.42,186.76,0
799,8/23/2022 10:48,68,69,9.58,118.87,1
29,9/13/2022 10:48,72,54,7.59,119.91,0
106,5/7/2022 10:48,46,89,7.52,89.31,0
383,2/5/2024 10:48,24,75,3.75,69.57,0
954,7/19/2024 10:48,43,91,3.51,1.44,0
600,6/15/2024 10:48,95,92,8.97,20.6,1
947,10/19/2021 10:48,40,101,8.67,39.82,0
658,6/20/2024 10:48,28,41,2.76,63.16,0
565,2/14/2024 10:48,51,34,5.27,66.55,0
1043,6/27/2022 10:48,64,77,5.57,106.69,0
776,10/7/2022 10:48,99,84,8.3,192.69,0
651,1/28/2024 10:48,24,70,10.15,193.65,0
717,2/18/2022 10:48,69,74,8.54,18.7,0
412,1/5/2024 10:48,90,73,9.59,38.77,0
52,4/28/2024 10:48,39,95,9.53,199.77,0
32,4/7/2023 10:48,20,83,3.44,92.72,0
94,1/13/2022 10:48,68,74,6.8,161.03,0
949,3/15/2022 10:48,22,52,7.9,55.23,0
137,10/5/2022 10:48,30,67,0.04,128.82,0
515,1/7/2023 10:48,56,87,8.93,33.77,0
947,9/7/2022 10:48,23,42,9.41,25.9,0
946,10/16/2024 10:48,20,30,1.26,148.65,0
712,9/24/2024 10:48,95,63,9.78,184.77,0
947,8/19/2021 10:48,76,94,2.02,94.96,0
971,4/28/2023 10:48,96,47,7.09,200.57,0
509,5/27/2023 10:48,31,90,1,79.23,1
445,10/8/2024 10:48,61,84,5,192.11,0
93,4/24/2022 10:48,64,35,0.59,34.99,0
109,9/12/2024 10:48,33,30,6.54,40.14,0
360,12/4/2021 10:48,21,36,7.2,52.78,0
1040,4/20/2023 10:48,57,51,8.81,77.47,0
582,10/19/2023 10:48,62,36,4.59,63.56,0
484,7/24/2022 10:48,24,89,8.27,199.93,0
997,3/14/2022 10:48,87,94,10.5,43.56,0
509,10/11/2023 10:48,41,37,1.38,127.98,0
792,3/12/2022 10:48,73,95,2.8,169.07,0
773,9/10/2024 10:48,22,91,0.5,55.3,0
849,7/11/2024 10:48,40,77,6.25,126.1,0
1062,5/16/2023 10:48,34,55,1.51,144.76,0
814,7/19/2021 10:48,90,41,1.32,98.28,0
206,11/1/2021 10:48,24,38,4.96,183.19,0
464,8/31/2023 10:48,96,79,6.6,74.44,0
964,6/28/2023 10:48,45,45,5.33,28.82,0
388,8/5/2022 10:48,29,51,5.16,169.99,0
146,9/25/2022 10:48,68,32,9.96,186.79,0
407,11/15/2021 10:48,75,63,2.09,105.43,0
97,9/11/2021 10:48,32,53,5.37,180.01,0
838,10/17/2022 10:48,96,93,9,72.8,0
600,9/8/2024 10:48,72,70,2.23,132.65,0
472,1/14/2023 10:48,90,45,2.39,175.44,0
290,12/28/2021 10:48,92,74,6.45,54.45,0
199,12/21/2021 10:48,69,78,9.63,84.54,0
906,4/17/2022 10:48,35,84,2.9,152.62,0
704,4/26/2024 10:48,74,86,3.32,43.68,0
246,11/11/2021 10:48,33,91,1.89,159.31,0
408,7/24/2023 10:48,60,98,10.15,51,0
584,5/26/2024 10:48,85,67,0.83,69.97,0
551,7/27/2023 10:48,22,90,6.09,67.03,0
215,1/24/2023 10:48,76,74,8.3,134.41,0
837,12/11/2022 10:48,56,97,9.16,122.59,0
117,5/22/2022 10:48,90,35,8.18,195.46,0
302,3/20/2023 10:48,88,49,7.12,96.83,0
998,3/6/2022 10:48,55,81,4.68,128.6,0
152,8/28/2024 10:48,76,83,9.86,72.8,0
233,9/2/2021 10:48,23,35,2.46,164.66,0
851,2/8/2023 10:48,97,92,1.14,185.88,0
498,6/25/2024 10:48,41,80,6.15,108.05,0
501,6/5/2022 10:48,69,88,4.69,149.21,0
595,10/2/2023 10:48,59,60,6.74,57.63,0
318,10/1/2022 10:48,94,84,9.5,143.52,0
766,10/16/2022 10:48,70,57,6.52,13.1,0
866,9/26/2024 10:48,22,105,8.65,74.65,0
536,2/14/2022 10:48,86,66,6.41,22.87,0
630,12/29/2022 10:48,97,40,1.02,3.29,0
815,7/21/2021 10:48,54,92,2.77,117.02,0
443,10/10/2022 10:48,37,45,1.46,33.29,0
571,8/29/2022 10:48,66,50,4.32,2.12,0
353,4/3/2022 10:48,41,105,1.3,104.69,0
153,1/9/2022 10:48,26,94,8.95,20.73,0
844,11/4/2023 10:48,50,54,10.64,44.91,0
497,10/19/2021 10:48,49,39,4.45,31.01,0
479,3/28/2022 10:48,95,37,7.89,184.85,0
1045,4/2/2023 10:48,62,72,3.46,55.98,0
537,5/21/2022 10:48,81,102,10.28,137.88,0
371,9/2/2022 10:48,62,73,10.09,102.95,0
799,10/21/2021 10:48,60,62,0.57,9.91,0
460,3/31/2024 10:48,52,49,5.48,200.45,0
781,11/3/2022 10:48,66,101,2.04,133.19,0
835,1/29/2022 10:48,49,59,0.81,121.92,0
167,2/19/2023 10:48,69,66,8.86,194.12,0
176,2/28/2022 10:48,85,53,7.73,117.85,0
539,7/23/2022 10:48,78,65,3.25,131.4,0
463,8/26/2023 10:48,82,38,5.49,183,0
872,8/24/2024 10:48,49,56,1.77,167.59,0
717,11/15/2022 10:48,79,41,1.78,114.65,0
42,7/28/2022 10:48,31,28,5.69,72.95,0
370,7/8/2022 10:48,88,67,10.46,86.23,0
513,8/8/2022 10:48,87,36,4.63,195.26,0
573,10/6/2022 10:48,41,96,5.81,130.68,0
821,10/9/2021 10:48,23,87,4.22,143.24,0
375,2/17/2022 10:48,57,93,10.75,184.84,0
1081,3/30/2023 10:48,27,35,7.88,27.88,0
766,5/14/2022 10:48,40,46,4.45,170.07,0
612,11/28/2021 10:48,70,95,6.16,66.65,0
553,8/21/2022 10:48,77,55,5.64,32.63,0
692,1/19/2023 10:48,60,70,9.47,114.65,0
104,7/23/2024 10:48,81,47,3.38,109.12,1
727,10/19/2023 10:48,83,41,8.23,96.71,0
293,3/11/2022 10:48,52,100,4.84,24.32,1
15,10/21/2024 10:48,53,78,9.93,143.24,0
1047,2/3/2022 10:48,71,35,7.73,170.96,0
792,7/2/2024 10:48,85,73,10.44,186.05,0
1005,8/3/2024 10:48,47,41,1.61,175.86,0
373,11/23/2022 10:48,39,53,4.76,18.6,0
56,12/4/2023 10:48,100,68,1.97,55.4,0
482,9/12/2022 10:48,85,69,1.37,95.97,0
228,10/11/2023 10:48,90,71,9.15,67.71,0
968,3/31/2022 10:48,54,83,3.83,191.86,0
989,6/24/2022 10:48,72,26,2.06,24.2,0
176,12/22/2022 10:48,64,32,2.92,92.49,0
903,10/7/2022 10:48,82,57,6.04,11.46,0
1015,11/5/2023 10:48,103,31,9.96,165.37,1
357,9/6/2024 10:48,47,86,2.42,80.52,0
310,9/14/2022 10:48,90,31,5.1,81.61,0
333,1/4/2022 10:48,23,45,0.08,100.02,0
853,5/28/2024 10:48,41,89,6.63,101.65,0
573,11/11/2023 10:48,36,56,10.84,200.95,0
38,7/25/2022 10:48,54,55,6.68,46.45,0
366,4/13/2023 10:48,86,59,2.46,172.72,0
1025,5/25/2024 10:48,60,41,4.17,192.35,0
884,8/6/2022 10:48,41,69,9.64,60.81,0
838,2/24/2023 10:48,47,79,0.31,168.32,0
718,2/4/2022 10:48,89,72,1.23,179.15,0
975,5/5/2023 10:48,61,63,5.64,119.72,0
427,11/3/2021 10:48,40,34,10.53,89.84,0
621,10/12/2024 10:48,60,89,0.22,65.21,0
14,2/15/2024 10:48,79,48,3.39,124.25,0
580,11/14/2023 10:48,82,33,8.74,177.96,0
779,4/5/2023 10:48,29,31,1.36,53.37,0
516,2/15/2023 10:48,96,76,5.16,188.25,0
814,4/2/2022 10:48,99,35,7.75,139.99,0
739,2/25/2024 10:48,74,89,2.77,131.74,0
214,6/1/2022 10:48,68,40,4.86,180.62,0
430,5/3/2024 10:48,96,35,3.87,56.17,0
836,1/21/2024 10:48,90,37,1.67,144.23,0
137,9/16/2022 10:48,66,83,8.33,90.2,0
521,1/25/2022 10:48,89,35,6.17,129.16,0
879,1/28/2023 10:48,33,59,6.25,7.27,0
648,9/11/2022 10:48,27,42,6.61,94.88,0
658,10/26/2023 10:48,17,78,2.9,92.35,0
1061,9/5/2022 10:48,31,70,1,155.61,1
933,8/4/2024 10:48,29,67,0,27.27,0
1080,2/13/2022 10:48,99,72,7.25,116.82,0
1033,12/21/2022 10:48,95,47,10.88,105.89,0
526,3/1/2022 10:48,31,69,4.56,39.38,0
12,3/1/2024 10:48,63,87,8.32,190.82,0
89,11/11/2023 10:48,50,45,5.97,21.56,1
849,7/5/2024 10:48,41,47,8.35,99.41,0
273,11/5/2023 10:48,89,84,6.85,140.79,0
1016,10/11/2023 10:48,87,43,3.14,64.31,0
918,4/4/2024 10:48,84,97,5.55,35.36,0
380,3/20/2024 10:48,65,48,8.81,148.74,0
999,10/27/2021 10:48,38,75,4.53,190.65,0
990,6/20/2024 10:48,89,76,8.45,144.5,0
49,12/11/2023 10:48,44,56,4.44,94.09,0
522,7/7/2024 10:48,69,43,7.74,76.97,0
1016,2/29/2024 10:48,74,48,1.22,140.24,0
432,11/22/2022 10:48,87,41,8,145.65,0
673,2/12/2023 10:48,51,41,7.52,51.62,0
211,8/28/2023 10:48,88,41,8.48,200.83,0
292,3/1/2024 10:48,30,48,5.34,23.01,0
